<?xml version="1.0" encoding="UTF-8"?>
<addon id="resource.uisounds.xpmce" version="1.0.2" name="XP Media Center UI Sounds" provider-name="Nuggt">
  <requires>
    <import addon="kodi.resource" version="1.0.0"/>
  </requires>
  <extension point="kodi.resource.uisounds"/>
  <extension point="kodi.addon.metadata">
    <summary lang="en">Windows XP Media Center GUI sounds</summary>
    <description lang="en">Windows XP Media Center GUI sounds</description>
    <platform>all</platform>
  </extension>
</addon>